"","1M","2M","3M","6M","9M","1Y","2Y","3Y","4Y","5Y","7Y","10Y","12Y","15Y","20Y"
"1",0.0163,0.0191,0.0205,0.0258,0.0294,0.0306,0.035,0.0408,0.0424,0.044,0.0465,0.049,0.0531,0.0592,0.0694
"2",0.0163,0.0191,0.0205,0.0258,0.0294,0.0306,0.035,0.0408,0.0424,0.044,0.0465,0.049,0.055,0.0654,0.0818
"3",0.015,0.0163,0.0175,0.022,0.0256,0.0281,0.0348,0.0398,0.0418,0.0443,0.0463,0.0488,0.0549,0.0656,0.0825
"4",0.0175,0.0188,0.02,0.0231,0.0259,0.0275,0.0328,0.0375,0.0408,0.0428,0.0448,0.0473,0.0527,0.0621,0.077
"5",0.0225,0.0231,0.0238,0.025,0.0275,0.0288,0.0341,0.0384,0.0407,0.0437,0.0453,0.048,0.0526,0.0607,0.0734
"6",0.0288,0.0294,0.0294,0.03,0.0313,0.0319,0.0355,0.0385,0.0406,0.0435,0.0455,0.0478,0.0512,0.0573,0.0668
"7",0.035,0.0356,0.0363,0.0373,0.0375,0.0375,0.04,0.042,0.0435,0.046,0.048,0.0498,0.0525,0.0571,0.0645
"8",0.0363,0.0388,0.0406,0.0431,0.0431,0.0438,0.0449,0.0462,0.048,0.0492,0.0508,0.0519,0.0548,0.0597,0.0676
"9",0.0369,0.0375,0.0388,0.0419,0.0425,0.0425,0.0438,0.0454,0.046,0.048,0.0495,0.0511,0.0536,0.0581,0.0652
"10",0.0327,0.0331,0.0375,0.0388,0.0394,0.04,0.0429,0.0438,0.0452,0.0467,0.0484,0.0508,0.0541,0.0599,0.0689
"11",0.0394,0.0406,0.0406,0.0406,0.0406,0.0409,0.0419,0.0426,0.0439,0.0449,0.0468,0.0488,0.0505,0.0534,0.0581
"12",0.0494,0.0481,0.0472,0.0456,0.045,0.0448,0.0455,0.0464,0.0474,0.0484,0.0496,0.0508,0.0511,0.0515,0.0522
"13",0.0478,0.0481,0.0488,0.0488,0.0488,0.0492,0.0479,0.0484,0.0489,0.0499,0.0504,0.051,0.0516,0.0526,0.0542
"14",0.0575,0.0581,0.0588,0.0594,0.0594,0.0594,0.0565,0.0563,0.0563,0.0563,0.0565,0.0568,0.0566,0.0564,0.056
"15",0.0581,0.0594,0.06,0.0619,0.0619,0.0619,0.0617,0.0617,0.0617,0.0616,0.0617,0.0617,0.0623,0.0634,0.0652
"16",0.0569,0.0581,0.0588,0.0613,0.0614,0.0619,0.0605,0.06,0.06,0.06,0.0599,0.0599,0.0604,0.0613,0.0628
"17",0.0663,0.0663,0.0663,0.0663,0.0663,0.0663,0.0659,0.0641,0.0629,0.0625,0.0625,0.0625,0.0618,0.0606,0.0588
"18",0.0831,0.0825,0.0813,0.0788,0.0781,0.0775,0.073,0.0697,0.0682,0.067,0.0667,0.0663,0.0632,0.0579,0.0495
"19",0.0738,0.075,0.075,0.0731,0.0725,0.0719,0.0675,0.0636,0.0624,0.0611,0.0603,0.0604,0.058,0.0537,0.0471
"20",0.0713,0.0706,0.07,0.0688,0.0681,0.0675,0.064,0.061,0.0602,0.0599,0.0595,0.0595,0.0573,0.0536,0.0478
"21",0.075,0.075,0.075,0.075,0.0738,0.0738,0.0712,0.068,0.0656,0.065,0.0633,0.0625,0.0602,0.0563,0.05
"22",0.0775,0.0781,0.0788,0.0788,0.0781,0.0775,0.0748,0.0712,0.0699,0.0685,0.066,0.0657,0.0635,0.0598,0.0539
"23",0.0788,0.0806,0.0806,0.0806,0.0794,0.0794,0.0764,0.073,0.0709,0.0697,0.0674,0.0668,0.0646,0.0608,0.0549
"24",0.0794,0.08,0.08,0.08,0.0794,0.0794,0.0767,0.0727,0.072,0.0713,0.0685,0.068,0.0659,0.0623,0.0566
"25",0.0938,0.0925,0.0919,0.0888,0.0869,0.0863,0.0825,0.0765,0.0755,0.0749,0.072,0.0715,0.0674,0.0604,0.0493
"26",0.0969,0.0969,0.0969,0.0969,0.095,0.0944,0.0885,0.0836,0.0809,0.08,0.0777,0.0773,0.0737,0.0675,0.0577
"27",0.0931,0.0938,0.0944,0.0945,0.095,0.095,0.0911,0.087,0.0839,0.0839,0.0805,0.0793,0.0767,0.0723,0.0654
"28",0.09,0.09,0.09,0.09,0.0906,0.0906,0.0871,0.0841,0.082,0.0812,0.0778,0.0769,0.0745,0.0704,0.0638
"29",0.0941,0.0941,0.0941,0.0938,0.0938,0.0938,0.0896,0.0858,0.0839,0.0827,0.0799,0.079,0.0762,0.0715,0.0639
"30",0.0881,0.0881,0.0881,0.0875,0.0863,0.0863,0.0803,0.0757,0.0757,0.0741,0.0725,0.0723,0.0693,0.0643,0.0564
"31",0.0913,0.0913,0.0911,0.0894,0.0869,0.0863,0.079,0.0751,0.0739,0.0729,0.072,0.0713,0.0676,0.0613,0.0514
"32",0.09,0.09,0.09,0.0894,0.0875,0.0869,0.0823,0.0782,0.0765,0.0754,0.0734,0.073,0.0699,0.0645,0.056
"33",0.0844,0.0859,0.0869,0.0875,0.0875,0.0875,0.0848,0.0818,0.0795,0.079,0.0768,0.0758,0.0742,0.0715,0.0672
"34",0.0775,0.0788,0.08,0.0831,0.0838,0.0838,0.0834,0.0819,0.0802,0.0797,0.0777,0.077,0.0769,0.0768,0.0765
"35",0.0819,0.0838,0.0838,0.0842,0.0844,0.0844,0.0827,0.0812,0.0789,0.0787,0.0769,0.076,0.0749,0.0731,0.0701
"36",0.0898,0.0894,0.0894,0.0875,0.0869,0.0863,0.0837,0.0816,0.079,0.0789,0.0769,0.0762,0.0737,0.0694,0.0626
"37",0.0875,0.0875,0.0875,0.0875,0.0867,0.0856,0.0834,0.0824,0.0794,0.0794,0.0775,0.0763,0.0742,0.0707,0.0651
"38",0.0841,0.0838,0.0838,0.0831,0.0825,0.0819,0.078,0.0762,0.0746,0.0739,0.0715,0.0705,0.068,0.0637,0.0569
"39",0.0838,0.0831,0.0831,0.0819,0.0798,0.0794,0.076,0.0747,0.0719,0.0717,0.07,0.0688,0.0661,0.0613,0.0539
"40",0.0875,0.0875,0.0863,0.0844,0.0806,0.08,0.0754,0.0734,0.0715,0.071,0.0693,0.0691,0.0657,0.0599,0.0507
"41",0.0856,0.0856,0.0856,0.0844,0.0825,0.0816,0.0762,0.0728,0.0707,0.0705,0.0685,0.0682,0.065,0.0595,0.0508
"42",0.0806,0.0806,0.0806,0.0806,0.08,0.0794,0.0749,0.072,0.07,0.0698,0.0684,0.0681,0.0658,0.0618,0.0556
"43",0.0794,0.08,0.08,0.08,0.0794,0.0788,0.075,0.0722,0.0703,0.0699,0.0684,0.0679,0.0657,0.0621,0.0563
"44",0.0781,0.0788,0.0794,0.08,0.0794,0.0788,0.0764,0.074,0.073,0.072,0.0708,0.0706,0.0692,0.0668,0.0631
"45",0.0813,0.0809,0.0806,0.08,0.0794,0.0788,0.0767,0.0743,0.0734,0.0724,0.0709,0.0707,0.0687,0.0654,0.0601
"46",0.0827,0.0827,0.0831,0.0823,0.0813,0.0806,0.078,0.076,0.0746,0.0735,0.0716,0.071,0.0689,0.0652,0.0593
"47",0.0802,0.0838,0.0838,0.0838,0.0838,0.0838,0.0825,0.0796,0.0786,0.0776,0.0755,0.0748,0.0738,0.0721,0.0694
"48",0.0825,0.0825,0.0822,0.0813,0.0806,0.08,0.0787,0.0767,0.0756,0.0745,0.0742,0.0741,0.0725,0.0698,0.0656
"49",0.0813,0.0819,0.0819,0.0819,0.0806,0.08,0.0789,0.0767,0.0753,0.0742,0.0739,0.0739,0.0725,0.0702,0.0665
"50",0.075,0.075,0.075,0.0745,0.0744,0.0738,0.0721,0.0701,0.0691,0.0681,0.0681,0.0681,0.0668,0.0646,0.0611
"51",0.0788,0.0786,0.0786,0.0775,0.0758,0.075,0.073,0.0712,0.0703,0.0695,0.0695,0.0695,0.0677,0.0648,0.0602
"52",0.0894,0.0889,0.0888,0.0869,0.0841,0.0831,0.0797,0.0772,0.0756,0.0746,0.0729,0.0726,0.0695,0.0641,0.0557
"53",0.09,0.0894,0.0889,0.0873,0.085,0.0844,0.0802,0.0771,0.0749,0.0739,0.0724,0.0722,0.0689,0.0632,0.0543
"54",0.0969,0.0956,0.0947,0.0919,0.0905,0.0894,0.0837,0.0805,0.0779,0.0769,0.0761,0.076,0.0721,0.0655,0.055
"55",0.0938,0.0938,0.0931,0.0925,0.0913,0.09,0.0853,0.0813,0.0785,0.0773,0.0757,0.0754,0.072,0.0662,0.057
"56",0.085,0.0856,0.0856,0.0856,0.0853,0.085,0.0811,0.0773,0.0753,0.0741,0.0731,0.0731,0.0709,0.0672,0.0612
"57",0.0781,0.0781,0.0781,0.0778,0.0775,0.0775,0.0763,0.0748,0.0738,0.0728,0.0716,0.0715,0.0703,0.0682,0.0649
"58",0.068,0.0681,0.0681,0.0681,0.0672,0.0667,0.0634,0.0639,0.0645,0.0647,0.066,0.066,0.0656,0.065,0.064
"59",0.0639,0.065,0.0644,0.0633,0.0614,0.0606,0.058,0.0585,0.06,0.061,0.0627,0.0629,0.0627,0.0624,0.0619
"60",0.0706,0.0688,0.0673,0.0644,0.062,0.0613,0.0579,0.0589,0.06,0.0607,0.063,0.0633,0.062,0.0596,0.056
"61",0.0614,0.0606,0.06,0.0581,0.0563,0.0556,0.0535,0.0545,0.0555,0.056,0.0573,0.0577,0.057,0.0558,0.054
"62",0.0544,0.0544,0.0544,0.0536,0.0525,0.0517,0.0507,0.0515,0.0525,0.0535,0.0547,0.0557,0.0559,0.0564,0.057
"63",0.055,0.0545,0.0539,0.0517,0.05,0.0488,0.0453,0.045,0.045,0.046,0.0481,0.0502,0.0493,0.0478,0.0454
"64",0.0548,0.053,0.0522,0.0494,0.0478,0.0469,0.0442,0.0445,0.0455,0.0465,0.0485,0.0505,0.0497,0.0483,0.0462
"65",0.0527,0.0519,0.0513,0.0488,0.047,0.0459,0.045,0.0451,0.0463,0.0475,0.0492,0.0512,0.0509,0.0505,0.0497
"66",0.0525,0.0525,0.0519,0.0513,0.0494,0.0484,0.0475,0.0473,0.0478,0.0488,0.0501,0.0518,0.0517,0.0515,0.0511
"67",0.05,0.0494,0.0494,0.0475,0.0463,0.0455,0.0437,0.0438,0.0441,0.0449,0.0459,0.0479,0.0475,0.0469,0.0458
"68",0.0475,0.0475,0.0469,0.0458,0.045,0.0444,0.0439,0.0439,0.0442,0.0449,0.046,0.0478,0.0479,0.048,0.0481
"69",0.05,0.0488,0.0481,0.0463,0.045,0.0444,0.0428,0.0429,0.043,0.0432,0.044,0.046,0.0453,0.044,0.042
"70",0.0475,0.0469,0.0469,0.0444,0.0434,0.0422,0.0406,0.041,0.0416,0.0422,0.0435,0.0445,0.044,0.043,0.0415
"71",0.0463,0.0475,0.0461,0.0438,0.0419,0.0413,0.039,0.039,0.0391,0.0397,0.0417,0.0427,0.042,0.0409,0.0392
"72",0.047,0.0461,0.045,0.0425,0.0406,0.04,0.0384,0.0384,0.039,0.0397,0.0416,0.0431,0.0424,0.0411,0.0392
"73",0.0431,0.0419,0.0413,0.0394,0.0381,0.0375,0.0365,0.0365,0.0377,0.039,0.0414,0.043,0.043,0.0429,0.0429
"74",0.0425,0.0413,0.0406,0.0394,0.0381,0.0375,0.0368,0.0368,0.038,0.0391,0.0412,0.0432,0.0433,0.0436,0.0439
"75",0.0425,0.0419,0.0413,0.0406,0.04,0.04,0.0415,0.0428,0.0439,0.0449,0.0461,0.0477,0.0487,0.0503,0.0529
"76",0.0425,0.0419,0.0419,0.0413,0.0406,0.0406,0.0423,0.0443,0.0451,0.0463,0.0481,0.0493,0.0505,0.0527,0.0561
"77",0.0395,0.0395,0.04,0.04,0.04,0.04,0.0425,0.0447,0.0467,0.0489,0.0509,0.0523,0.0546,0.0587,0.0651
"78",0.0438,0.0438,0.0438,0.0438,0.0438,0.0438,0.0485,0.05,0.0515,0.0527,0.055,0.0563,0.0586,0.0626,0.0689
"79",0.0431,0.0431,0.0431,0.0444,0.0456,0.0466,0.0519,0.0538,0.0549,0.056,0.0572,0.0582,0.061,0.0657,0.0733
"80",0.0428,0.0434,0.0438,0.045,0.0456,0.0463,0.05,0.051,0.0521,0.0531,0.0541,0.0554,0.0577,0.0617,0.068
"81",0.0416,0.0422,0.0428,0.0447,0.0464,0.0477,0.0526,0.0537,0.0547,0.0557,0.0571,0.0588,0.062,0.0674,0.076
"82",0.0394,0.0406,0.0419,0.0438,0.0456,0.0475,0.0526,0.0545,0.0555,0.0565,0.0577,0.0589,0.0625,0.0687,0.0784
"83",0.0375,0.04,0.0406,0.0419,0.0444,0.0463,0.0516,0.0543,0.0554,0.0564,0.0573,0.0586,0.0625,0.0692,0.0797
"84",0.0388,0.0394,0.04,0.0425,0.0438,0.0456,0.0501,0.0518,0.0532,0.054,0.0552,0.0567,0.06,0.0657,0.0747
"85",0.0398,0.0413,0.043,0.045,0.0467,0.048,0.0518,0.0531,0.0541,0.0551,0.0566,0.0578,0.0611,0.0668,0.0758
"86",0.0375,0.0388,0.0397,0.042,0.0439,0.0452,0.0493,0.051,0.0526,0.0536,0.0549,0.0565,0.06,0.066,0.0755
"87",0.0363,0.0375,0.0386,0.0406,0.0431,0.0444,0.0487,0.0507,0.0522,0.0532,0.0548,0.0563,0.06,0.0663,0.0764
"88",0.035,0.035,0.035,0.0356,0.0363,0.0369,0.0396,0.0429,0.0467,0.0488,0.0515,0.0535,0.0569,0.0628,0.072
"89",0.0344,0.0347,0.035,0.0356,0.0363,0.0369,0.0408,0.0434,0.0457,0.0476,0.0499,0.0522,0.0555,0.0611,0.07
"90",0.0327,0.0327,0.0331,0.0334,0.0344,0.035,0.0393,0.0428,0.0448,0.046,0.0481,0.0508,0.0541,0.0599,0.0689
"91",0.0309,0.0313,0.0316,0.0322,0.0331,0.0339,0.0387,0.0428,0.0456,0.047,0.0491,0.0521,0.056,0.0627,0.0733
"92",0.0263,0.0269,0.0272,0.0292,0.03,0.0306,0.0355,0.0395,0.0426,0.0445,0.0474,0.0504,0.0548,0.0625,0.0746
"93",0.0288,0.0288,0.0288,0.0288,0.0294,0.0294,0.0342,0.0373,0.0404,0.0423,0.046,0.0492,0.0529,0.0594,0.0697
"94",0.0242,0.0244,0.0245,0.0245,0.0245,0.0245,0.029,0.0331,0.0367,0.0396,0.044,0.0479,0.0522,0.0597,0.0716
"95",0.0198,0.0209,0.0206,0.0206,0.0213,0.0213,0.0242,0.0301,0.0337,0.0368,0.0409,0.0444,0.0489,0.0567,0.069
"96",0.0233,0.022,0.0214,0.0206,0.02,0.02,0.0229,0.0283,0.0325,0.0355,0.0392,0.0429,0.0465,0.0527,0.0625
"97",0.0181,0.0181,0.0181,0.0181,0.0181,0.0181,0.0217,0.0275,0.0329,0.0362,0.0401,0.0436,0.0483,0.0563,0.0691
"98",0.0172,0.0175,0.0175,0.018,0.0181,0.0188,0.0241,0.0291,0.033,0.0368,0.0417,0.046,0.0513,0.0604,0.0748
"99",0.0164,0.0169,0.0169,0.0175,0.0188,0.0194,0.0251,0.0311,0.035,0.038,0.0427,0.0461,0.0515,0.0609,0.0758
"100",0.0177,0.0181,0.0181,0.0181,0.0188,0.0194,0.0247,0.0296,0.0335,0.0369,0.0419,0.0459,0.0511,0.06,0.0741
"101",0.0188,0.0188,0.0188,0.0188,0.0194,0.02,0.0253,0.0303,0.034,0.0372,0.042,0.046,0.051,0.0596,0.0733
"102",0.0269,0.0263,0.0263,0.0264,0.0269,0.0275,0.0331,0.0372,0.0397,0.0424,0.046,0.0495,0.0536,0.0608,0.0721
"103",0.0252,0.0256,0.0263,0.0263,0.0275,0.0281,0.0321,0.0359,0.0387,0.0414,0.0454,0.0489,0.0533,0.0608,0.0726
"104",0.0238,0.0244,0.025,0.0259,0.0269,0.0275,0.0313,0.035,0.0379,0.0406,0.044,0.0474,0.0517,0.0592,0.0711
"105",0.0213,0.0214,0.022,0.0226,0.0234,0.0241,0.0288,0.033,0.0361,0.0387,0.0425,0.0463,0.0509,0.0588,0.0714
"106",0.0139,0.0144,0.015,0.0158,0.017,0.0177,0.0221,0.0272,0.0315,0.0349,0.0395,0.0435,0.0489,0.0583,0.0731
"107",0.0173,0.0188,0.0188,0.0193,0.0199,0.0205,0.0255,0.0285,0.0312,0.0339,0.0389,0.0432,0.048,0.0562,0.0691
"108",0.0218,0.0213,0.0209,0.0208,0.0213,0.0219,0.026,0.0292,0.0324,0.0351,0.0392,0.0431,0.047,0.0538,0.0644
"109",0.0181,0.0188,0.0188,0.0188,0.0193,0.0194,0.0227,0.0262,0.0294,0.0327,0.0378,0.0421,0.0465,0.0541,0.0661
"110",0.0169,0.0172,0.0172,0.0175,0.0181,0.0188,0.0221,0.0254,0.0284,0.0312,0.0355,0.0397,0.0439,0.0511,0.0625
"111",0.0175,0.0175,0.0175,0.0175,0.0175,0.0178,0.0199,0.0229,0.0257,0.0281,0.0323,0.0367,0.0402,0.0463,0.0559
"112",0.0188,0.0188,0.0188,0.0188,0.0193,0.0194,0.0222,0.0252,0.0282,0.0312,0.0358,0.0404,0.0444,0.0512,0.0621
"113",0.0172,0.0177,0.0181,0.0188,0.019,0.0194,0.0211,0.024,0.027,0.0296,0.0343,0.0387,0.0426,0.0495,0.0602
"114",0.0088,0.01,0.0106,0.012,0.01,0.0136,0.0177,0.0217,0.0251,0.0283,0.0331,0.0377,0.043,0.0522,0.0666
"115",0.0148,0.015,0.015,0.0161,0.0163,0.017,0.0201,0.0229,0.0258,0.0284,0.0332,0.0376,0.0418,0.049,0.0604
"116",0.0153,0.0153,0.0154,0.0163,0.017,0.0175,0.0201,0.023,0.0258,0.0285,0.0332,0.0377,0.0418,0.0489,0.0601
"117",0.0125,0.0131,0.0138,0.016,0.017,0.0181,0.0217,0.0249,0.0275,0.0302,0.0347,0.0391,0.044,0.0524,0.0657
"118",0.0139,0.0144,0.0159,0.0167,0.018,0.0191,0.023,0.026,0.0285,0.0306,0.0347,0.0387,0.0433,0.0511,0.0635
"119",0.0172,0.0194,0.0196,0.0204,0.0215,0.0225,0.0259,0.0284,0.0308,0.033,0.0368,0.0406,0.0449,0.0523,0.064
"120",0.0177,0.0182,0.0185,0.0191,0.0197,0.0202,0.0231,0.0262,0.0291,0.0316,0.0358,0.0396,0.0436,0.0506,0.0615
"121",0.0125,0.0139,0.015,0.0163,0.0175,0.0182,0.0217,0.0247,0.0275,0.0299,0.0338,0.0376,0.0422,0.0502,0.0627
"122",0.0116,0.0122,0.0128,0.0141,0.015,0.0156,0.0185,0.0213,0.0238,0.0261,0.03,0.0339,0.038,0.0451,0.0562
"123",0.0086,0.0091,0.0097,0.0109,0.0119,0.0127,0.0161,0.0191,0.0219,0.0244,0.0284,0.033,0.0375,0.0452,0.0574
"124",0.0146,0.0149,0.0154,0.0163,0.0171,0.0181,0.0207,0.023,0.0253,0.0272,0.0304,0.0341,0.0377,0.0439,0.0536
"125",0.0149,0.015,0.0154,0.0166,0.0177,0.0186,0.0215,0.0243,0.0265,0.0285,0.0317,0.0351,0.0388,0.0452,0.0553
"126",0.0169,0.0169,0.0169,0.0175,0.0182,0.0188,0.0211,0.0235,0.0256,0.0277,0.031,0.0347,0.038,0.0436,0.0525
"127",0.0209,0.0209,0.021,0.0213,0.0218,0.022,0.0238,0.026,0.028,0.03,0.0335,0.0372,0.0402,0.0453,0.0535
"128",0.0188,0.0194,0.0197,0.0206,0.0214,0.022,0.0247,0.0269,0.0289,0.0307,0.0338,0.0371,0.0405,0.0463,0.0555
"129",0.0154,0.0155,0.0157,0.0166,0.017,0.0175,0.0206,0.0232,0.0256,0.0277,0.0314,0.0352,0.0388,0.0451,0.055
"130",0.0125,0.0131,0.0145,0.0151,0.0154,0.0157,0.0173,0.0198,0.0222,0.0243,0.0283,0.033,0.0368,0.0432,0.0535
"131",0.0108,0.0131,0.0132,0.0134,0.014,0.0147,0.0175,0.0202,0.0228,0.0251,0.0293,0.0345,0.037,0.0394,0.0419
"132",0.0179,0.0172,0.0171,0.0171,0.0172,0.0175,0.0188,0.0207,0.0226,0.0243,0.0276,0.0322,0.0346,0.037,0.0394
"133",0.0125,0.0132,0.0141,0.0157,0.0164,0.0171,0.0235,0.0216,0.0254,0.0289,0.0306,0.0362,0.0362,0.0388,0.041
"134",0.0118,0.0121,0.0125,0.0134,0.0141,0.0149,0.0178,0.0201,0.022,0.0237,0.027,0.0315,0.0339,0.0364,0.0389
"135",0.0126,0.0127,0.0128,0.0133,0.0138,0.0146,0.018,0.0204,0.0224,0.0243,0.0277,0.0321,0.0344,0.0369,0.0395
"136",0.0119,0.0121,0.0123,0.0127,0.0137,0.0141,0.0167,0.0192,0.0215,0.0236,0.0276,0.0326,0.035,0.0376,0.0401
"137",0.0096,0.0098,0.0099,0.0104,0.0114,0.0119,0.0149,0.0177,0.0201,0.0222,0.0261,0.031,0.0334,0.036,0.0384
"138",0.01,0.0101,0.0103,0.0108,0.0121,0.0127,0.017,0.0198,0.0221,0.0243,0.0282,0.033,0.0354,0.038,0.0406
"139",0.0115,0.0116,0.0119,0.0147,0.0153,0.016,0.022,0.0252,0.0276,0.0297,0.033,0.0369,0.039,0.0414,0.044
"140",0.0105,0.011,0.0115,0.0155,0.0162,0.0171,0.0229,0.0263,0.0288,0.0308,0.034,0.0376,0.0395,0.0415,0.0435
"141",0.0095,0.0102,0.0107,0.016,0.0168,0.0178,0.0234,0.0269,0.0295,0.0315,0.0349,0.0384,0.0399,0.0414,0.0429
"142",0.0128,0.0135,0.02,0.0195,0.0204,0.0217,0.0285,0.0315,0.033,0.0342,0.0367,0.0398,0.0414,0.0429,0.0445
"143",0.0119,0.0208,0.0205,0.0211,0.0228,0.0242,0.0309,0.0339,0.0357,0.037,0.0391,0.0413,0.0425,0.0439,0.0451
"144",0.0204,0.0186,0.0186,0.0189,0.0207,0.0225,0.0293,0.0322,0.0337,0.0349,0.0372,0.0401,0.0414,0.0428,0.0441
"145",0.0159,0.0176,0.0185,0.0195,0.021,0.0221,0.0277,0.0304,0.0321,0.0336,0.0367,0.0405,0.042,0.0434,0.0446
"146",0.0209,0.021,0.0213,0.0228,0.0245,0.0265,0.0312,0.0335,0.0348,0.0357,0.0375,0.0401,0.0413,0.0424,0.0434
"147",0.0214,0.023,0.024,0.0267,0.0289,0.0308,0.0347,0.0361,0.0369,0.0377,0.0395,0.042,0.043,0.044,0.0447
"148",0.0265,0.0276,0.029,0.0311,0.0335,0.0347,0.0383,0.0397,0.0408,0.0419,0.044,0.0465,0.0475,0.0485,0.0492
"149",0.031,0.0318,0.0324,0.0343,0.0362,0.0373,0.0404,0.0414,0.0421,0.0426,0.0439,0.0457,0.0465,0.0474,0.0482
"150",0.0278,0.0301,0.0316,0.0347,0.0372,0.0386,0.042,0.0431,0.0437,0.0442,0.0453,0.0468,0.0475,0.0482,0.0488
"151",0.0323,0.0331,0.0341,0.0365,0.0375,0.0386,0.041,0.0418,0.0423,0.0428,0.0439,0.0454,0.0461,0.0468,0.0474
"152",0.0321,0.0334,0.0344,0.0376,0.0387,0.0397,0.0416,0.0419,0.0422,0.0424,0.0432,0.0442,0.0447,0.0453,0.046
"153",0.032,0.0333,0.0342,0.0365,0.0373,0.038,0.0393,0.0397,0.0401,0.0404,0.0414,0.0427,0.0434,0.0439,0.0445
"154",0.0326,0.0335,0.0357,0.0361,0.0368,0.0373,0.0383,0.0388,0.0394,0.04,0.0412,0.0427,0.0434,0.0441,0.0447
"155",0.0322,0.0348,0.035,0.0358,0.0364,0.0369,0.0379,0.0384,0.039,0.0396,0.0409,0.0426,0.0433,0.044,0.0447
"156",0.0344,0.0345,0.0346,0.0353,0.0357,0.036,0.0367,0.0372,0.0378,0.0384,0.0396,0.0412,0.0419,0.0426,0.0433
"157",0.0337,0.0337,0.0337,0.0337,0.0337,0.0337,0.0339,0.0343,0.0349,0.0355,0.0369,0.039,0.04,0.041,0.0419
"158",0.0345,0.0343,0.034,0.0331,0.0328,0.0327,0.0336,0.0339,0.0343,0.0348,0.0363,0.0384,0.0395,0.0406,0.0417
"159",0.0344,0.0343,0.0342,0.0334,0.0329,0.0327,0.0328,0.0331,0.0335,0.0341,0.0356,0.0376,0.0387,0.04,0.0414
"160",0.0336,0.0332,0.0331,0.0317,0.0308,0.0305,0.0303,0.0308,0.0314,0.0322,0.0339,0.0361,0.0373,0.0388,0.0403
"161",0.0318,0.0318,0.0318,0.0318,0.0319,0.0319,0.033,0.0335,0.0341,0.0348,0.0364,0.0384,0.0395,0.041,0.0426
"162",0.0327,0.0322,0.0319,0.0317,0.0318,0.0318,0.0329,0.0335,0.034,0.0345,0.0359,0.0381,0.0392,0.0406,0.0422
"163",0.0329,0.0326,0.0324,0.0318,0.0315,0.0314,0.0323,0.0329,0.0335,0.034,0.0354,0.0373,0.0384,0.0398,0.0415
"164",0.0326,0.0322,0.0319,0.0313,0.0306,0.0304,0.0313,0.0321,0.0328,0.0335,0.035,0.0371,0.0382,0.0395,0.0411
"165",0.0329,0.0319,0.0312,0.0296,0.0287,0.0283,0.0289,0.03,0.0311,0.0321,0.0342,0.0368,0.0381,0.0394,0.0411
"166",0.0225,0.0225,0.0229,0.0228,0.0228,0.0231,0.0261,0.0283,0.0301,0.0316,0.0339,0.0366,0.038,0.0394,0.0409
"167",0.0214,0.021,0.0207,0.0194,0.0189,0.0188,0.0209,0.0235,0.0255,0.0271,0.0295,0.0321,0.0333,0.0345,0.0357
"168",0.0207,0.0199,0.0197,0.0194,0.0198,0.0205,0.0249,0.0279,0.0297,0.031,0.0331,0.0355,0.0366,0.0379,0.0389
"169",0.0179,0.0182,0.0184,0.0185,0.0191,0.02,0.027,0.0308,0.0329,0.0344,0.0365,0.0388,0.0399,0.0411,0.0421
"170",0.016,0.0163,0.0168,0.0179,0.0191,0.021,0.0273,0.0306,0.0327,0.0341,0.0362,0.0383,0.0393,0.0403,0.0412
"171",0.0171,0.0173,0.0175,0.0185,0.0197,0.0214,0.0276,0.0306,0.0327,0.0342,0.0366,0.039,0.0401,0.0411,0.042
"172",0.0151,0.0155,0.0164,0.0175,0.0198,0.0219,0.0285,0.0316,0.0334,0.0347,0.0367,0.0388,0.0399,0.0409,0.0418
"173",0.0145,0.0147,0.015,0.016,0.0177,0.0197,0.0253,0.0316,0.0335,0.035,0.0346,0.0377,0.0388,0.04,0.0409
"174",0.0117,0.012,0.0123,0.014,0.0162,0.0183,0.0248,0.0278,0.0298,0.0314,0.034,0.0366,0.0378,0.0391,0.0402
"175",0.0116,0.0121,0.0123,0.0134,0.015,0.0169,0.0231,0.0262,0.0284,0.03,0.0325,0.0354,0.0366,0.0379,0.0391
"176",0.0075,0.0078,0.008,0.0086,0.0094,0.0106,0.0167,0.0209,0.0241,0.0265,0.0302,0.0337,0.035,0.0363,0.0373
"177",0.007,0.0072,0.0075,0.0081,0.0087,0.0098,0.0152,0.0199,0.0232,0.0256,0.0293,0.0329,0.0345,0.036,0.0372
"178",0.0071,0.0072,0.0073,0.0074,0.0075,0.008,0.013,0.017,0.0199,0.0222,0.0258,0.0294,0.031,0.0325,0.0339
"179",0.0067,0.0072,0.0074,0.0075,0.0079,0.0084,0.0126,0.0166,0.0196,0.022,0.0257,0.0293,0.0309,0.0326,0.0342
"180",0.0072,0.0073,0.0074,0.0076,0.0085,0.0094,0.0137,0.0171,0.0196,0.0217,0.025,0.0287,0.0303,0.0322,0.0341
"181",0.0061,0.0062,0.0062,0.0064,0.0066,0.0069,0.0107,0.0138,0.0162,0.0183,0.0218,0.0254,0.0271,0.029,0.0313
"182",0.006,0.006,0.0061,0.0062,0.0065,0.0071,0.0101,0.0131,0.0157,0.018,0.0219,0.0261,0.0279,0.0299,0.0321
"183",0.006,0.0058,0.0057,0.0057,0.0057,0.0058,0.0084,0.0114,0.0141,0.0165,0.0208,0.0255,0.0275,0.0296,0.0316
"184",0.0029,0.003,0.0031,0.0036,0.004,0.0048,0.0089,0.013,0.0162,0.0187,0.0227,0.0271,0.0291,0.0313,0.0335
"185",0.0026,0.0028,0.003,0.0035,0.0041,0.005,0.0091,0.0133,0.0167,0.0194,0.0237,0.0284,0.0306,0.033,0.0356
"186",0.0025,0.0027,0.0029,0.0032,0.0036,0.0041,0.008,0.0117,0.0148,0.0174,0.0216,0.0262,0.0284,0.031,0.0337
"187",0.0026,0.0027,0.0028,0.0033,0.0038,0.0042,0.0073,0.0111,0.0145,0.0175,0.0219,0.0267,0.029,0.0315,0.0342
"188",0.0025,0.0027,0.0029,0.0038,0.0046,0.0056,0.0113,0.0155,0.0189,0.0217,0.0259,0.0302,0.0324,0.0347,0.0374
"189",0.0024,0.0025,0.0027,0.0033,0.004,0.005,0.011,0.0159,0.0196,0.0225,0.0266,0.0306,0.0325,0.0347,0.0372
"190",0.002,0.0022,0.0024,0.0029,0.0034,0.0044,0.0094,0.0142,0.018,0.021,0.0253,0.0294,0.0312,0.0333,0.0356
"191",0.002,0.0024,0.0025,0.0031,0.0043,0.0054,0.0113,0.0159,0.0196,0.0226,0.0269,0.031,0.0328,0.0348,0.0372
"192",0.0024,0.0026,0.0027,0.0038,0.0054,0.0067,0.0131,0.0175,0.0209,0.0236,0.0276,0.0314,0.0331,0.0349,0.0369
"193",0.0022,0.0024,0.0026,0.0035,0.0047,0.0058,0.0114,0.0154,0.0189,0.0218,0.0261,0.0299,0.0316,0.0335,0.0355
"194",0.002,0.0022,0.0025,0.0032,0.004,0.005,0.0096,0.0136,0.0171,0.02,0.0245,0.0287,0.0305,0.0325,0.0345
"195",0.0023,0.0025,0.0026,0.003,0.0036,0.0045,0.0086,0.0125,0.0159,0.0188,0.0235,0.0279,0.0298,0.0318,0.0338
"196",0.0021,0.0023,0.0025,0.003,0.0036,0.0046,0.0089,0.0126,0.016,0.0189,0.0234,0.0277,0.0296,0.0317,0.0338
"197",0.0022,0.0025,0.0027,0.0042,0.0061,0.0073,0.0123,0.0159,0.0188,0.0212,0.025,0.0287,0.0303,0.0323,0.0343
"198",0.002,0.0023,0.0026,0.0045,0.0063,0.008,0.0139,0.0177,0.0207,0.0231,0.0268,0.0304,0.0321,0.034,0.0361
"199",0.004,0.0042,0.005,0.0074,0.0095,0.0111,0.0163,0.0198,0.0224,0.0246,0.028,0.0313,0.0329,0.0346,0.0365
"200",0.0041,0.0046,0.0053,0.0075,0.009,0.0104,0.0148,0.0183,0.0211,0.0233,0.0267,0.03,0.0315,0.0331,0.0349
"201",0.0044,0.0054,0.0065,0.0074,0.0085,0.0096,0.0132,0.0165,0.0192,0.0215,0.0251,0.0287,0.0303,0.032,0.0339
"202",0.006,0.0062,0.007,0.008,0.009,0.0101,0.0137,0.0166,0.019,0.0209,0.0242,0.0278,0.0294,0.0311,0.033
"203",0.0065,0.0071,0.0073,0.008,0.0085,0.0091,0.0119,0.0147,0.0171,0.0193,0.023,0.0267,0.0283,0.0299,0.0318
"204",0.0067,0.0071,0.0073,0.0085,0.0094,0.0102,0.013,0.0151,0.0171,0.0189,0.022,0.0255,0.027,0.0285,0.0301
"205",0.0066,0.0068,0.0072,0.008,0.009,0.0099,0.0135,0.0161,0.0182,0.02,0.023,0.0262,0.0277,0.0291,0.0308
"206",0.0072,0.0073,0.0075,0.0082,0.0088,0.0096,0.0123,0.0148,0.0167,0.0184,0.0213,0.0244,0.0258,0.0272,0.0287
"207",0.0072,0.0074,0.0076,0.0084,0.0092,0.0101,0.0132,0.0159,0.0181,0.0201,0.0232,0.0264,0.0277,0.0292,0.0306
"208",0.0075,0.0076,0.0077,0.0081,0.0087,0.0095,0.0127,0.0153,0.0174,0.0192,0.0222,0.0254,0.0268,0.0284,0.03
"209",0.0074,0.0075,0.0076,0.0079,0.0082,0.0085,0.0112,0.0137,0.0156,0.0173,0.0202,0.0235,0.0251,0.0267,0.0283
"210",0.0073,0.0074,0.0075,0.0078,0.0082,0.0085,0.0105,0.0128,0.0147,0.0163,0.0191,0.0224,0.024,0.0257,0.0275
"211",0.0073,0.0074,0.0075,0.0076,0.0077,0.0078,0.0098,0.0124,0.0146,0.0165,0.0195,0.0227,0.0242,0.0256,0.0268
"212",0.0073,0.0075,0.0076,0.0078,0.0082,0.0085,0.0119,0.0142,0.0161,0.0176,0.0202,0.0231,0.0244,0.0257,0.027
"213",0.0073,0.0075,0.0076,0.008,0.0085,0.0091,0.0113,0.0133,0.0151,0.0166,0.0189,0.0216,0.0229,0.0242,0.0255
"214",0.0075,0.0077,0.008,0.0088,0.0097,0.0107,0.0133,0.0153,0.0167,0.0179,0.0198,0.0219,0.023,0.0242,0.0255
"215",0.0075,0.0084,0.0087,0.0101,0.0114,0.0127,0.0166,0.0187,0.02,0.021,0.0226,0.0244,0.0254,0.0265,0.0277
"216",0.0093,0.0099,0.0104,0.0124,0.014,0.015,0.0178,0.0195,0.0208,0.0217,0.0231,0.0248,0.0256,0.0265,0.0276
"217",0.0089,0.0093,0.0101,0.0118,0.0131,0.0141,0.0174,0.0193,0.0206,0.0215,0.0228,0.0242,0.0248,0.0255,0.0262
"218",0.009,0.0097,0.0104,0.012,0.0133,0.0144,0.0179,0.02,0.0214,0.0224,0.0239,0.0254,0.026,0.0267,0.0274
"219",0.0103,0.0112,0.0118,0.0134,0.0149,0.0159,0.0192,0.021,0.0221,0.023,0.0243,0.0258,0.0264,0.0272,0.028
"220",0.0115,0.012,0.0126,0.0141,0.0157,0.017,0.0209,0.023,0.0244,0.0256,0.0272,0.0289,0.0297,0.0306,0.0313
"221",0.0126,0.0129,0.0134,0.0151,0.0168,0.018,0.0222,0.0245,0.026,0.0272,0.0289,0.0308,0.0318,0.0328,0.0338
"222",0.0132,0.0139,0.0145,0.0161,0.0176,0.0188,0.0229,0.0249,0.0263,0.0274,0.029,0.0307,0.0315,0.0325,0.0335
"223",0.0142,0.0146,0.0152,0.0169,0.0184,0.0197,0.0235,0.0257,0.0271,0.0283,0.03,0.0318,0.0325,0.0333,0.034
"224",0.0142,0.0148,0.0155,0.0173,0.0186,0.0197,0.0233,0.0253,0.0267,0.0277,0.0293,0.0309,0.0316,0.0324,0.033
"225",0.0155,0.0163,0.0168,0.0182,0.0194,0.0203,0.0226,0.024,0.025,0.0258,0.027,0.0282,0.0289,0.0295,0.03
"226",0.0173,0.0175,0.0182,0.0192,0.0201,0.0209,0.023,0.024,0.0247,0.0253,0.0263,0.0273,0.0277,0.0282,0.0287
"227",0.0173,0.0181,0.0186,0.0196,0.0205,0.0213,0.0228,0.0238,0.0245,0.025,0.026,0.0269,0.0273,0.0277,0.0281
"228",0.019,0.0193,0.0196,0.0207,0.0215,0.0222,0.0236,0.024,0.0243,0.0246,0.0253,0.0262,0.0266,0.027,0.0272
"229",0.0205,0.0207,0.021,0.022,0.0229,0.0239,0.0263,0.0267,0.0269,0.027,0.0274,0.0279,0.0283,0.0287,0.0288
"230",0.0209,0.0217,0.0221,0.0232,0.0242,0.0252,0.0269,0.0273,0.0275,0.0277,0.0283,0.0292,0.0296,0.0302,0.0304
"231",0.0213,0.022,0.0222,0.0232,0.024,0.0246,0.0259,0.0263,0.0266,0.027,0.0276,0.0286,0.029,0.0296,0.0299
"232",0.0221,0.0225,0.023,0.024,0.0249,0.0255,0.0268,0.0271,0.0274,0.0277,0.0284,0.0295,0.0302,0.031,0.0317
"233",0.0221,0.0228,0.0235,0.0247,0.0256,0.0263,0.0278,0.0281,0.0283,0.0286,0.0292,0.0302,0.0309,0.0316,0.0322
"234",0.0236,0.0243,0.0247,0.0263,0.0277,0.0288,0.0312,0.0316,0.0318,0.032,0.0325,0.0333,0.0338,0.0343,0.0347
"235",0.026,0.0263,0.0269,0.0283,0.0295,0.0305,0.0328,0.0334,0.0337,0.0339,0.0345,0.0354,0.036,0.0368,0.0373
"236",0.0255,0.0263,0.027,0.028,0.0291,0.03,0.0323,0.0329,0.0334,0.0338,0.0346,0.0355,0.0361,0.0367,0.0372
"237",0.0273,0.0283,0.029,0.0296,0.0299,0.0302,0.0302,0.0307,0.0314,0.032,0.033,0.0343,0.0351,0.036,0.0366
"238",0.0253,0.0265,0.0278,0.0287,0.0293,0.0299,0.0295,0.0302,0.0309,0.0315,0.0327,0.0343,0.0352,0.0363,0.037
"239",0.0227,0.026,0.0276,0.0289,0.0295,0.03,0.0301,0.0304,0.0307,0.0311,0.0319,0.0331,0.034,0.035,0.0357
"240",0.0266,0.0264,0.0276,0.028,0.0284,0.029,0.0274,0.0276,0.0281,0.0286,0.0298,0.0315,0.0326,0.0338,0.0348
"241",0.0243,0.0265,0.0276,0.0287,0.0292,0.0298,0.0295,0.0298,0.0302,0.0308,0.0319,0.0334,0.0344,0.0355,0.0365
"242",0.0246,0.0255,0.0266,0.027,0.0272,0.0273,0.0255,0.0263,0.0272,0.0282,0.0301,0.0324,0.0337,0.0352,0.0365
"243",0.0261,0.0271,0.0281,0.0283,0.0285,0.0287,0.0255,0.0263,0.0273,0.0282,0.0302,0.0327,0.034,0.0354,0.0365
"244",0.0273,0.0279,0.029,0.0295,0.0302,0.0307,0.0291,0.0297,0.0303,0.0309,0.0324,0.0345,0.0357,0.0369,0.0377
"245",0.024,0.0265,0.0281,0.0291,0.0302,0.031,0.0308,0.0313,0.0318,0.0322,0.0334,0.0354,0.0366,0.0379,0.0388
"246",0.0237,0.0261,0.0278,0.0289,0.0301,0.0312,0.032,0.0327,0.0332,0.0337,0.0347,0.0363,0.0372,0.0384,0.0393
"247",0.0235,0.0258,0.0279,0.0297,0.0312,0.0327,0.0341,0.0353,0.036,0.0364,0.037,0.0377,0.0382,0.0387,0.0389
"248",0.0227,0.0255,0.0276,0.029,0.0305,0.032,0.0308,0.0316,0.0322,0.0327,0.0337,0.0349,0.0357,0.0365,0.0368
"249",0.0225,0.0253,0.0274,0.0288,0.0302,0.0316,0.029,0.0296,0.0302,0.0308,0.0319,0.0334,0.0343,0.0352,0.0357
"250",0.0283,0.0289,0.0298,0.0306,0.0317,0.0329,0.028,0.0287,0.0296,0.0306,0.032,0.0336,0.0346,0.0356,0.036
"251",0.0179,0.0255,0.0268,0.0284,0.0296,0.0305,0.0253,0.0268,0.0282,0.0294,0.0315,0.034,0.0352,0.0359,0.0354
"252",0.0087,0.0105,0.0124,0.0142,0.0153,0.0166,0.0136,0.0155,0.0173,0.0189,0.0217,0.0251,0.0268,0.0281,0.0275
"253",0.0034,0.0052,0.0066,0.0081,0.0096,0.011,0.0111,0.0146,0.0173,0.0196,0.0229,0.0261,0.0275,0.0284,0.028
"254",0.0032,0.0043,0.0053,0.0066,0.0081,0.0096,0.0088,0.0119,0.0147,0.0171,0.0206,0.0241,0.0256,0.0267,0.0265
"255",0.003,0.0039,0.0049,0.0064,0.0078,0.0094,0.0091,0.0124,0.0155,0.0182,0.022,0.0255,0.0269,0.028,0.0274
"256",0.0023,0.0031,0.004,0.0053,0.0069,0.0084,0.0076,0.011,0.0143,0.0173,0.0214,0.0249,0.0265,0.0276,0.0275
"257",0.0021,0.003,0.004,0.0054,0.007,0.0085,0.0084,0.0116,0.0145,0.0174,0.0213,0.0248,0.0262,0.0268,0.0279
"258",0.002,0.003,0.004,0.0053,0.0068,0.0084,0.0076,0.0112,0.0151,0.0186,0.0236,0.0279,0.0296,0.031,0.0321
"259",0.0019,0.0029,0.004,0.0051,0.0065,0.0081,0.0083,0.0121,0.0158,0.0191,0.0236,0.0274,0.0291,0.0308,0.032
"260",0.0016,0.0026,0.0036,0.0047,0.0062,0.0077,0.008,0.0115,0.0145,0.0172,0.0215,0.0254,0.0272,0.029,0.0304
"261",0.0012,0.0022,0.0031,0.0043,0.0058,0.0073,0.0075,0.0107,0.0137,0.0164,0.0207,0.0248,0.0267,0.0288,0.0301
"262",0.001,0.0019,0.0029,0.004,0.0055,0.007,0.0078,0.0112,0.014,0.0167,0.0207,0.0247,0.0266,0.0286,0.0301
"263",9e-04,0.0018,0.0026,0.0038,0.0054,0.0069,0.0089,0.0123,0.0151,0.0175,0.0213,0.025,0.0268,0.0288,0.0301
"264",0.0011,0.0018,0.0025,0.0034,0.005,0.0046,0.008,0.0112,0.0141,0.0166,0.0206,0.0246,0.0263,0.0281,0.0278
"265",0.001,0.0018,0.0025,0.0033,0.0049,0.0063,0.0081,0.0113,0.0141,0.0165,0.0203,0.0241,0.0258,0.0273,0.028
"266",9e-04,0.0017,0.0025,0.0032,0.0047,0.0062,0.0068,0.0099,0.0127,0.0151,0.019,0.0231,0.0249,0.0262,0.0266
"267",9e-04,0.0016,0.0025,0.0033,0.0049,0.0064,0.0081,0.0111,0.0136,0.0157,0.0192,0.0231,0.0248,0.0262,0.027
"268",8e-04,0.0016,0.0025,0.0033,0.0049,0.0063,0.008,0.0111,0.0134,0.0155,0.0189,0.0226,0.0243,0.0258,0.0264
"269",4e-04,6e-04,0.0011,0.0021,0.0037,0.0051,0.0054,0.0082,0.0107,0.0129,0.0165,0.0202,0.0218,0.023,0.0231
"270",6e-04,8e-04,0.0011,0.0021,0.0035,0.0049,0.0056,0.0083,0.0106,0.0125,0.0159,0.0196,0.021,0.0221,0.0222
"271",0.0013,0.0015,0.0017,0.0023,0.0036,0.005,0.006,0.0084,0.0104,0.0123,0.0158,0.0194,0.021,0.0224,0.0226
"272",0.0011,0.0013,0.0016,0.0023,0.0036,0.005,0.005,0.0071,0.0089,0.0106,0.0135,0.0165,0.0178,0.0187,0.0187
"273",0.0014,0.0016,0.0018,0.0024,0.0037,0.0032,0.0053,0.0075,0.0097,0.0117,0.0149,0.018,0.0192,0.0202,0.0202
"274",0.0014,0.0016,0.0018,0.0024,0.0037,0.0052,0.0053,0.0076,0.0098,0.0118,0.0151,0.0183,0.0195,0.0205,0.0204
"275",0.0014,0.0016,0.0017,0.0024,0.0038,0.0029,0.0046,0.0068,0.0094,0.0119,0.0158,0.0194,0.0209,0.0221,0.022
"276",0.0014,0.0016,0.0017,0.0024,0.0037,0.0029,0.0051,0.0083,0.0112,0.0138,0.018,0.0216,0.0231,0.0241,0.0239
"277",0.0014,0.0016,0.0017,0.0024,0.0037,0.0034,0.0066,0.0099,0.0127,0.0151,0.0188,0.0221,0.0237,0.025,0.0252
"278",0.0014,0.0016,0.0017,0.0024,0.0038,0.0039,0.0075,0.0106,0.0134,0.0158,0.0194,0.0227,0.0241,0.0252,0.0257
"279",0.0014,0.0016,0.0018,0.0026,0.004,0.0046,0.009,0.012,0.0146,0.0168,0.0202,0.0233,0.0245,0.0256,0.0259
"280",0.0014,0.0016,0.0019,0.0026,0.004,0.0048,0.0089,0.0122,0.0148,0.0173,0.0209,0.024,0.0254,0.0273,0.0272
"281",0.0013,0.0015,0.0018,0.0025,0.0039,0.0035,0.0067,0.0096,0.0123,0.0146,0.0184,0.0216,0.0231,0.0242,0.0249
"282",0.0013,0.0015,0.0018,0.0024,0.0039,0.0032,0.0053,0.008,0.0109,0.0136,0.0177,0.0214,0.0228,0.0243,0.0251
"283",0.0013,0.0015,0.0018,0.0024,0.0038,0.0027,0.0042,0.0063,0.009,0.0114,0.0153,0.019,0.0206,0.022,0.0226
"284",0,0,1e-04,5e-04,0.0015,9e-04,0.0027,0.0048,0.0072,0.0098,0.0134,0.0168,0.0184,0.0197,0.0202
"285",1e-04,1e-04,2e-04,7e-04,0.0017,8e-04,0.0015,0.0032,0.0055,0.0078,0.0114,0.0146,0.016,0.0172,0.0177
"286",2e-04,3e-04,4e-04,9e-04,0.0018,8e-04,0.0015,0.0031,0.0054,0.0079,0.0116,0.0151,0.0166,0.0178,0.0181
"287",3e-04,4e-04,5e-04,0.001,0.002,9e-04,0.001,0.0022,0.0045,0.0069,0.0106,0.014,0.0154,0.0166,0.0167
"288",3e-04,4e-04,5e-04,9e-04,0.002,5e-04,9e-04,0.0019,0.0037,0.0058,0.0092,0.0124,0.0137,0.0148,0.015
"289",5e-04,5e-04,7e-04,0.0012,0.0022,0.001,9e-04,0.0015,0.0028,0.0042,0.0074,0.0109,0.0123,0.0135,0.0138
"290",6e-04,7e-04,9e-04,0.0014,0.0024,0.0011,0.0011,0.0015,0.0025,0.0039,0.0069,0.0104,0.012,0.0133,0.0143
"291",8e-04,9e-04,0.0011,0.0018,0.0027,0.002,0.0021,0.0028,0.0037,0.0049,0.0079,0.0113,0.0127,0.0141,0.0147
"292",8e-04,9e-04,0.0011,0.0019,0.0027,0.0017,0.0018,0.0024,0.0033,0.0046,0.0074,0.0107,0.0122,0.0135,0.014
"293",4e-04,7e-04,0.001,0.0018,0.0026,0.001,8e-04,0.0012,0.002,0.0031,0.0058,0.0089,0.0103,0.0115,0.0121
"294",4e-04,6e-04,9e-04,0.0018,0.0026,0.0014,0.0012,0.0017,0.0026,0.0038,0.0067,0.0101,0.0117,0.0129,0.0138
"295",2e-04,4e-04,6e-04,0.0016,0.0025,9e-04,6e-04,0.001,0.0017,0.0027,0.0056,0.0092,0.0107,0.0121,0.0131
"296",1e-04,3e-04,5e-04,0.0016,0.0025,0.001,6e-04,0.001,0.0018,0.0029,0.0057,0.0092,0.0108,0.0122,0.013
"297",1e-04,2e-04,4e-04,0.0016,0.0024,0.0012,0.001,0.0013,0.002,0.003,0.0057,0.0093,0.0109,0.0123,0.0134
"298",1e-04,1e-04,3e-04,0.0013,0.0022,0.0011,0.001,0.0013,0.0019,0.003,0.0056,0.0092,0.011,0.0124,0.0136
"299",1e-04,1e-04,3e-04,0.0011,0.002,9e-04,8e-04,0.0011,0.0018,0.003,0.0054,0.0089,0.0107,0.0121,0.0133
"300",-1e-04,0,1e-04,7e-04,0.0014,6e-04,7e-04,0.0011,0.0022,0.0034,0.006,0.0096,0.0113,0.0129,0.0141
"301",0,1e-04,2e-04,9e-04,0.0017,0.0012,0.0018,0.0027,0.004,0.0055,0.0084,0.0119,0.0135,0.0149,0.016
"302",0,1e-04,2e-04,9e-04,0.0016,7e-04,0.001,0.0017,0.0028,0.0043,0.0074,0.0112,0.0127,0.0142,0.0151
"303",0,1e-04,2e-04,8e-04,0.0016,6e-04,8e-04,0.0016,0.0029,0.0043,0.0074,0.0111,0.0128,0.0145,0.0157
"304",0,1e-04,2e-04,8e-04,0.0014,7e-04,8e-04,0.0014,0.0024,0.0037,0.0065,0.0101,0.0117,0.0135,0.0147
"305",0,1e-04,2e-04,8e-04,0.0014,9e-04,0.0013,0.0023,0.0036,0.0052,0.0083,0.0121,0.0138,0.0155,0.0167
"306",0,1e-04,2e-04,8e-04,0.0014,0.001,0.0021,0.004,0.0058,0.0078,0.0114,0.0153,0.017,0.0184,0.0193
"307",0,1e-04,2e-04,8e-04,0.0014,9e-04,0.0018,0.0031,0.005,0.007,0.0108,0.0149,0.0166,0.018,0.019
"308",0,1e-04,2e-04,8e-04,0.0014,0.001,0.002,0.0036,0.0057,0.0078,0.0119,0.0159,0.0177,0.0192,0.0201
"309",0,1e-04,2e-04,8e-04,0.0014,0.001,0.0017,0.0031,0.0049,0.0069,0.0109,0.0151,0.0169,0.0185,0.0194
"310",-1e-04,1e-04,2e-04,8e-04,0.0014,8e-04,0.0012,0.0024,0.0042,0.0062,0.0101,0.0144,0.0162,0.0181,0.0193
"311",-1e-04,0,2e-04,7e-04,0.0014,5e-04,9e-04,0.0019,0.0036,0.0057,0.0097,0.0143,0.0162,0.0179,0.0188
"312",-5e-05,9e-05,0.00023,0.000794,0.00143,0.000855,0.001591,0.00295,0.005225,0.0075,0.011975,0.01635,0.018475,0.02025,0.02135
"313",-6e-05,7e-05,0.00018,0.000804,0.00143,0.000518,0.000571,0.00145,0.00295,0.00485,0.009225,0.01335,0.0157,0.017475,0.018825
"314",-7e-05,8e-05,0.00022,0.00077,0.000735,7e-04,0.00093,0.00175,0.00323,0.00505,0.0089,0.0134,0.0154,0.01723,0.01858
"315",-7e-05,8e-05,0.00022,0.000744,0.0006845,0.000625,0.000945,0.001825,0.003215,0.004945,0.008685,0.013035,0.01498,0.01683,0.01819
"316",-7e-05,7e-05,0.00017,0.000764,0.000695,0.000626,8e-04,0.001425,0.002475,0.0039,0.0074,0.011688,0.013602,0.01554,0.017015
"317",-8e-05,5e-05,0.00012,0.000644,0.0005295,0.000415,0.000485,0.000955,0.001845,0.003115,0.00635,0.010555,0.01259,0.01469,0.01651
"318",-4e-05,2e-05,8e-05,0.000714,0.0006745,0.000635,0.000795,0.001145,0.001915,0.003065,0.00603,0.010095,0.01212,0.01428,0.0162
"319",1e-05,1e-04,0.00018,0.000764,0.000693,0.000622,0.00073,0.001145,0.001935,0.003035,0.00596,0.009855,0.011675,0.01376,0.0155
"320",2e-05,7e-05,0.00018,0.000684,0.0005475,0.000411,0.000452,0.000725,0.001415,0.002405,0.004743,0.007975,0.00973,0.0116,0.013345
"321",0,6e-05,6e-05,0.000594,0.0004125,0.000231,0.00023,0.00057,0.001305,0.0023,0.004855,0.00836,0.01024,0.01222,0.01411
"322",2e-05,6e-05,0.00015,0.000614,0.0004795,0.000345,0.00016,0.00047,0.00111,0.002065,0.004445,0.00777,0.0095,0.01142,0.01327
"323",-3e-05,1e-05,1e-05,0.000504,0.0003395,0.000175,0.000105,0.000415,0.00084,0.001526,0.003425,0.00629,0.00791,0.00966,0.011535
"324",-0.00038,-0.00054,-0.00063,-0.000256,-0.000703,-0.00115,-0.00136,-0.00099,-0.00034,0.000575,0.00241,0.0051,0.00644,0.00792,0.00992
"325",-0.00904,-0.00892,-0.00854,-0.007576,-0.007573,-0.00757,-0.00738,-0.0068,-0.00614,-0.0052,-0.00275,3e-04,0.0018,0.0037,0.0059
"326",-0.00873,-0.00869,-0.0085,-0.007316,-0.0074105,-0.007505,-0.006975,-0.0059,-0.004723,-0.00338,-0.00105,0.00184,0.003053,0.00485,0.006725
"327",-0.00851,-0.00839,-0.00814,-0.007246,-0.0073855,-0.007525,-0.006905,-0.005775,-0.004385,-0.002985,-0.000645,0.00179,0.002925,0.00415,0.005475
"328",-0.00815,-0.00812,-0.00794,-0.007096,-0.0070505,-0.007005,-0.00618,-0.00506,-0.00375,-0.002405,-2e-05,0.00236,0.00344,0.00464,0.00586
"329",-0.00821,-0.00805,-0.00788,-0.007076,-0.007328,-0.00758,-0.007115,-0.00612,-0.004715,-0.003315,-0.000473,0.00238,0.003793,0.00517,0.00665
"330",-0.00832,-0.00807,-0.00789,-0.00733,-0.007665,-0.008,-0.00765,-0.006325,-0.00458,-0.0027,0.00062,0.004025,0.00549,0.00696,0.00828
"331",-0.00787,-0.00764,-0.00739,-0.00691,-0.0070645,-0.007219,-0.00681,-0.00575,-0.004475,-0.00305,-0.000175,0.00298,0.00435,0.00578,0.007075
"332",-0.00781,-0.00759,-0.00724,-0.00676,-0.006805,-0.00685,-0.00652,-0.00566,-0.00455,-0.00325,-0.00047,0.00253,0.0039,0.00528,0.00663
"333",-0.00792,-0.00759,-0.00733,-0.00673,-0.00685,-0.00697,-0.006973,-0.0062,-0.005195,-0.00389,-0.00105,0.0021,0.0036,0.005213,0.007225
"334",-0.00774,-0.00758,-0.00732,-0.00693,-0.00729,-0.00765,-0.00789,-0.00737,-0.006349,-0.00503,-0.00218,0.00108,0.0026,0.0043,0.00616
"335",-0.00848,-0.00846,-0.00832,-0.007976,-0.0085755,-0.009175,-0.009296,-0.00875,-0.00755,-0.00608,-0.0032,0.000153,0.001725,0.00355,0.005475
"336",-0.00798,-0.00785,-0.00756,-0.006896,-0.006923,-0.00695,-0.006461,-0.00565,-0.00442,-0.00305,-0.000415,0.002566,0.0041,0.005675,0.00745
"337",-0.00789,-0.007668,-0.00757,-0.006934,-0.0072545,-0.007575,-0.007635,-0.00722,-0.006236,-0.00518,-0.002764,4.6e-05,0.001325,0.00271,0.004425
"338",-0.008332,-0.008206,-0.008046,-0.007648,-0.008199,-0.00875,-0.00909,-0.00867,-0.007868,-0.00693,-0.004678,-0.00206,-0.000775,0.00055,0.001975
"339",-0.007826,-0.007538,-0.007292,-0.00658,-0.0068775,-0.007175,-0.007306,-0.00703,-0.00641,-0.00558,-0.00377,-0.00135,-0.00012,0.00118,0.00255
"340",-0.00779,-0.007522,-0.007294,-0.00646,-0.0066425,-0.006825,-0.00685,-0.00671,-0.00619,-0.00539,-0.0035,-0.00092,0.00027,0.00148,0.00268
"341",-0.007746,-0.007532,-0.007352,-0.00642,-0.00656,-0.0067,-0.00671,-0.00654,-0.00615,-0.00546,-0.00375,-0.001266,-0.00015,0.001125,0.002425
"342",-0.008286,-0.007976,-0.007798,-0.007016,-0.007633,-0.00825,-0.00873,-0.00858,-0.0082,-0.0076,-0.0062,-0.00387,-0.002825,-0.0016,-0.000375
"343",-0.007976,-0.007734,-0.007476,-0.00663,-0.006965,-0.0073,-0.007393,-0.00735,-0.00715,-0.00678,-0.00557,-0.003618,-0.0027,-0.0016,-0.000688
"344",-0.008108,-0.007824,-0.007364,-0.006528,-0.006639,-0.00675,-0.006703,-0.00654,-0.00624,-0.00579,-0.004597,-0.00299,-0.0021,-0.001125,-0.000288
"345",-0.00802,-0.007732,-0.0075,-0.006574,-0.0067495,-0.006925,-0.00695,-0.00681,-0.006415,-0.00601,-0.00455,-0.00296,-0.0017,-6e-04,4e-04
"346",-0.007854,-0.0076,-0.0073,-0.006436,-0.006493,-0.00655,-0.006334,-0.005925,-0.005392,-0.004717,-0.003143,-0.001025,3e-04,0.0012,0.002325
"347",-0.008178,-0.007856,-0.00749,-0.0068,-0.0069125,-0.007025,-0.006607,-0.005817,-0.0048,-0.003692,-0.001461,0.001033,0.002125,0.003475,0.0043
"348",-0.00799,-0.00757,-0.007292,-0.006626,-0.0066505,-0.006675,-0.006007,-0.00525,-0.004275,-0.003192,-0.001075,0.001483,0.002775,0.004075,0.00525
"349",-0.007884,-0.007576,-0.007286,-0.006642,-0.0067335,-0.006825,-0.006404,-0.005492,-0.004325,-0.003108,-0.000775,0.001983,0.003375,0.00475,0.005875
"350",-0.008008,-0.007572,-0.007262,-0.006764,-0.006957,-0.00715,-0.007058,-0.0064,-0.005575,-0.00455,-0.002375,0.000262,0.0017,0.002913,0.0044
"351",-0.007792,-0.007524,-0.007296,-0.006638,-0.0067315,-0.006825,-0.006355,-0.005483,-0.004458,-0.003375,-0.001164,0.001413,0.002525,0.0038,0.005075
"352",-0.007918,-0.007614,-0.0073,-0.006648,-0.0067115,-0.006775,-0.006393,-0.005492,-0.00445,-0.003292,-0.00125,0.001291,0.00245,0.0039,0.005025
"353",-0.007874,-0.007626,-0.007296,-0.006618,-0.006659,-0.0067,-0.006249,-0.005475,-0.00455,-0.00355,-0.001421,0.001254,0.00245,0.0039,0.0053
"354",-0.007848,-0.007578,-0.0073,-0.006616,-0.0064455,-0.006275,-0.0054,-0.004375,-0.0033,-0.0022,-0.000125,0.002549,0.0037,0.004975,0.00635
"355",-0.007834,-0.00756,-0.007256,-0.006466,-0.006408,-0.00635,-0.005395,-0.004183,-0.003075,-0.001775,0.000325,0.003408,0.00455,0.0059,0.007125
"356",-0.007872,-0.007518,-0.007262,-0.006514,-0.006507,-0.0065,-0.005764,-0.004825,-0.003783,-0.002733,-0.00067,0.001955,0.00315,0.00455,0.0058
"357",-0.007826,-0.007526,-0.00726,-0.006488,-0.0063815,-0.006275,-0.005282,-0.00415,-0.003025,-0.0019,4.1e-05,0.003109,0.004138,0.0058,0.006925
"358",-0.0078255,-0.007576,-0.007268,-0.006486,-0.006418,-0.00635,-0.005525,-0.004425,-0.0033,-0.00225,-0.000125,0.002579,0.003938,0.0054,0.006738
"359",-0.008059,-0.00773,-0.00752,-0.00655,-0.0063875,-0.006225,-0.00508,-0.003958,-0.002848,-0.001789,2e-04,0.002774,0.003963,0.005363,0.006663
"360",-0.0080565,-0.007632,-0.007462,-0.00645,-0.0063375,-0.006225,-0.00482,-0.003541,-0.002416,-0.001408,0.000449,0.002816,0.003875,0.00525,0.006475
